"diagnosis","range_radius","mean_radius","median_radius","sd_radius"
"B",10.869,12.1465238095238,12.2,1.78051164614104
"M",17.16,17.4628301886792,17.325,3.20397110077937
